{
  "system": {
    "sys_user_role": true,
    "agent_assist_recommendation": true,
    "asmt_metric": true,
    "asmt_signature": true,
    "sys_atf_step_config": true,
    "sys_atf_step": true,
    "sys_client_extension_point": true,
    "sys_script_client": true,
    "dl_u_priority": true,
    "sys_ui_extension_point": true,
    "sys_ui_policy": true,
    "sys_ui_script": true,
    "connect_action": true,
    "content_block": true,
    "content_block_detail": true,
    "content_block_programmatic": true,
    "content_block_static": true,
    "content_css": true,
    "cxs_table_config": true,
    "sys_relationship": true,
    "sys_db_object": true,
    "sys_email_client_template": true,
    "sys_email_canned_message": true,
    "sys_recipient_qualifier": true,
    "sys_ui_context_menu": true,
    "sys_embedded_help_content": true,
    "sys_ui_list_control": true,
    "cmn_map_page": true,
    "cmn_schedule_page": true,
    "sys_ui_style": true,
    "cmn_timeline_page": true,
    "sys_ui_macro": true,
    "sys_ui_page": true,
    "sysrule_view": true,
    "sys_embedded_tour_step": true,
    "scheduled_data_import": true,
    "sys_ws_operation": true,
    "sys_web_service": true,
    "sys_transform_map": true,
    "mid_selector_override": true,
    "ecc_agent_capability": true,
    "ecc_agent_capability_value_test": true,
    "ecc_agent_property": true,
    "ecc_agent_script_include": true,
    "sys_script_ajax": true,
    "process_step_approval": true,
    "bsm_action": true,
    "ci_identifier": true,
    "discovery_classy": true,
    "clone_cleanup_script": true,
    "csm_field_map": true,
    "csm_table_map": true,
    "sys_declarative_action_assignment": true,
    "diagrammer_action": true,
    "sys_dictionary": true,
    "discovery_port_probe": true,
    "sys_ui_title": true,
    "sys_transform_entry": true,
    "sys_impex_map": true,
    "sys_installation_exit": true,
    "sys_ui_list_script_client": true,
    "sys_ui_list_script_server": true,
    "live_table_notification": true,
    "mtg_definition": true,
    "sys_navigator": true,
    "sys_nav_link": true,
    "pwd_cred_store": true,
    "pwd_extension_type": true,
    "discovery_probes": true,
    "expert_panel_template": true,
    "sysauto_query_builder": true,
    "sysauto": true,
    "sys_service_api": true,
    "sysevent_email_style": true,
    "chg_soc_style_rule_core": true,
    "sys_listener_detail": true,
    "sys_transform_script": true,
    "item_option_new": true,
    "sys_home": true,
    "expert_panel_transition": true,
    "expert_panel": true,
    "expert_ui_policy": true,
    "sys_app_module": true,
    "sys_ui_module": true,
    "sys_script_email": true,
    "sysevent_email_template": true,
    "sysevent_in_email_action": true,
    "sysevent_email_action": true,
    "sys_push_notif_act_script": true,
    "sys_push_notif_msg_content": true,
    "trigger_rule": true,
    "sys_rest_message": true,
    "scheduled_data_export": true,
    "sys_soap_message_function": true,
    "sys_soap_message": true,
    "pa_scripts": true,
    "pc_vendor_cat_item": true,
    "sys_properties_category": true,
    "metric_definition": true,
    "sysauto_report": true,
    "cmn_relative_duration": true,
    "risk_conditions": true,
    "cmn_schedule": true,
    "sys_script": true,
    "sys_extension_point": true,
    "sys_script_fix": true,
    "sys_processor": true,
    "sysauto_script": true,
    "sysevent_script_action": true,
    "sys_script_include": true,
    "sys_ui_action": true,
    "sc_ic_aprvl_type_defn_staging": true,
    "catalog_script_client": true,
    "sc_cat_item": true,
    "catalog_ui_policy": true,
    "sc_cat_item_option": true,
    "sc_cat_item_guide": true,
    "sc_cat_item_producer": true,
    "sc_ic_task_assign_defn_staging": true,
    "user_criteria": true,
    "sysrule_escalate": true,
    "sp_ng_template": true,
    "sp_instance": true,
    "sp_search_source": true,
    "sp_page": true,
    "sp_portal": true,
    "sp_css": true,
    "sp_theme": true,
    "sp_angular_provider": true,
    "sp_widget": true,
    "trend_definition": true,
    "sys_ui_ng_action": true,
    "sys_script_vtable": true,
    "sn_templated_snip_note_template": true,
    "sys_script_validator": true,
    "sys_email_filter": true,
    "sys_sg_data_item": true,
    "sys_email_layout": true,
    "sys_process_flow": true,
    "sys_widgets": true,
    "wf_element_activity": true,
    "wf_activity_definition": true,
    "wf_ui_policy": true
  },
  "Miscellaneous": {
    "Field Maps": {
      "u_division": {
        "sys_id": "06e5c8522fbf201063e23f96f699b63a",
        "sys_updated_on": "2021-04-30 13:28:22",
        "SERVER_MOD_TIME": 1619803702000,
        "LOCAL_MOD_TIME": 1629294081746
      },
      "u_o_bal": {
        "sys_id": "013448062ff3201063e23f96f699b6c5",
        "sys_updated_on": "2021-04-29 18:42:27",
        "SERVER_MOD_TIME": 1619736147000,
        "LOCAL_MOD_TIME": 1629294081770
      },
      "u_acct_no": {
        "sys_id": "06ff9554db413010c414ce4e139619e8",
        "sys_updated_on": "2021-06-25 18:12:29",
        "SERVER_MOD_TIME": 1624659149000,
        "LOCAL_MOD_TIME": 1629294082539
      }
    },
    "Dictionary Entries": {
      "Final cost": {
        "sys_id": "01cc89e5db207010c414ce4e13961991",
        "sys_updated_on": "2021-06-04 17:29:36",
        "SERVER_MOD_TIME": 1622842176000,
        "LOCAL_MOD_TIME": 1629294081840
      },
      "Approving Official Division Lookup": {
        "sys_id": "0b881da9db047410c414ce4e139619e6",
        "sys_updated_on": "2021-05-26 17:41:05",
        "SERVER_MOD_TIME": 1622065265000,
        "LOCAL_MOD_TIME": 1629294081963
      },
      "Account number": {
        "sys_id": "05cc89e5db207010c414ce4e1396193b",
        "sys_updated_on": "2021-06-04 17:29:36",
        "SERVER_MOD_TIME": 1622842176000,
        "LOCAL_MOD_TIME": 1629294082143
      },
      "Reqestor name": {
        "sys_id": "09cc89e5db207010c414ce4e1396196e",
        "sys_updated_on": "2021-06-04 17:29:36",
        "SERVER_MOD_TIME": 1622842176000,
        "LOCAL_MOD_TIME": 1629294082217
      },
      "Delivery date": {
        "sys_id": "05cc89e5db207010c414ce4e1396195d",
        "sys_updated_on": "2021-06-04 17:29:36",
        "SERVER_MOD_TIME": 1622842176000,
        "LOCAL_MOD_TIME": 1629294082605
      }
    },
    "Declarative Action Assignments": {}
  },
  "Client Development": {
    "Client Scripts": {
      "RequestorLookupOnChange": {
        "sys_id": "0a12d7badbd8b010c414ce4e13961953",
        "sys_updated_on": "2021-05-27 19:13:39",
        "SERVER_MOD_TIME": 1622157219000,
        "LOCAL_MOD_TIME": 1629294082769
      }
    }
  },
  "Data Model": {
    "Tables": {
      "Status": {
        "sys_id": "0ae68509db50b050c414ce4e13961964"
      },
      "FY2021 Opening Balance": {
        "sys_id": "0f5248822ff3201063e23f96f699b66b"
      },
      "FY2019 Opening Balance": {
        "sys_id": "1de588522fbf201063e23f96f699b675"
      },
      "Item Description": {
        "sys_id": "1ed36485dbdc7050c414ce4e13961920"
      },
      "FY2017 Opening Balance": {
        "sys_id": "4ea648922fbf201063e23f96f699b669"
      },
      "Fiscal Year": {
        "sys_id": "5ed09e1edb907010c414ce4e13961939"
      },
      "FY Opening Balance": {
        "sys_id": "65ff9554db413010c414ce4e1396192a"
      },
      "Accounts": {
        "sys_id": "667376c6dbc4f410c414ce4e13961945"
      },
      "Transactions": {
        "sys_id": "8a19bb48db843010c414ce4e139619f8"
      },
      "Organizations": {
        "sys_id": "a99d6c61db807410c414ce4e139619eb"
      },
      "Approval Officials": {
        "sys_id": "aa6c5464dbc47010c414ce4e1396192f"
      },
      "Demo Table import": {
        "sys_id": "bccc49e5db207010c414ce4e139619f7"
      },
      "FY2020 Opening Balance": {
        "sys_id": "c43448062ff3201063e23f96f699b618"
      },
      "Vendor": {
        "sys_id": "cf69eca6db4c3810c414ce4e139619c6"
      },
      "FY2018 Opening Balance": {
        "sys_id": "d14680922fbf201063e23f96f699b607"
      },
      "Credit Card Holders": {
        "sys_id": "ecb233f52fb3201063e23f96f699b652"
      }
    }
  },
  "Server Development": {
    "Business Rules": {
      "TransactionsBalanceAtInsert": {
        "sys_id": "0b2495e2db897010c414ce4e139619db",
        "sys_updated_on": "2021-07-15 21:12:49",
        "SERVER_MOD_TIME": 1626397969000,
        "LOCAL_MOD_TIME": 1629294082095
      }
    }
  },
  "Inbound Integrations": {
    "Table Transform Maps": {}
  },
  "Access Control": {
    "Roles": {
      "x_561190_micro_p_0.Approval Official": {
        "sys_id": "36f83354db447010c414ce4e139619b8"
      },
      "x_561190_micro_p_0.Credit Card Holders": {
        "sys_id": "f86dd6fb2f73201063e23f96f699b6c9"
      },
      "x_561190_micro_p_0.MPT Admin": {
        "sys_id": "fe85dd1cdb013010c414ce4e139619da"
      }
    }
  },
  "Navigation": {
    "Modules": {
      "Add New Transactions": {
        "sys_id": "380b8d39db80b410c414ce4e13961926"
      },
      "Add New Opening Balance": {
        "sys_id": "a9ad41e5db013010c414ce4e139619fa"
      },
      "Edit Transaction": {
        "sys_id": "ca5a4db5db80b410c414ce4e13961982"
      },
      "Add New Transactions_ef0f3fccdb843010c414ce4e139619a7": {
        "sys_id": "ef0f3fccdb843010c414ce4e139619a7"
      },
      "Edit Opening Balance": {
        "sys_id": "ef3c01a5db013010c414ce4e139619cb"
      }
    }
  }
}